{"difference":{"mean":0.28791026173660156,"median":0,"mode":0,"variance":118.62324256555648,"stdev":10.891429776000784,"1percentile":-21},"endCount":{"mean":3.751973410884919,"median":1,"mode":1,"variance":208.8396045393802,"stdev":14.451283837063757,"99percentile":42}}
