{"difference":{"mean":-0.061166215810039073,"median":0,"mode":0,"variance":66.17645105953815,"stdev":8.134890967894908,"1percentile":-21.959999999999994},"endCount":{"mean":3.403516681695221,"median":1,"mode":1,"variance":115.55749289294313,"stdev":10.749767108776968,"99percentile":40}}
