{"difference":{"mean":0.28791026173660156,"median":0,"mode":0,"variance":118.62324256555648,"stdev":10.891429776000784,"1percentile":-21}}
