{"difference":{"mean":0.5042897047086992,"median":0,"mode":0,"variance":168.48581559683402,"stdev":12.980208611452822,"1percentile":-16},"endCount":{"mean":3.33988427773344,"median":1,"mode":1,"variance":369.05716423241563,"stdev":19.210860580213883,"99percentile":36},"countSlope":{"mean":-0.14356423266368906,"median":0,"mode":0,"variance":178.26533178587138,"stdev":13.351604090365749,"99percentile":17.579999999999927},"sentimentSlope":{"mean":0.13943787300444463,"median":0,"mode":0,"variance":71.83873812654646,"stdev":8.475773600477213,"99percentile":15}}
