{"difference":{"mean":0.5042897047086992,"median":0,"mode":0,"variance":168.48581559683402,"stdev":12.980208611452822,"1percentile":-16}}
