{"difference":{"mean":-0.061166215810039073,"median":0,"mode":0,"variance":66.17645105953815,"stdev":8.134890967894908,"1percentile":-21.959999999999994,"min":-148,"max":148},"countSlope":{"mean":-0.22096252229294644,"median":0,"mode":0,"variance":173.4596211799957,"stdev":13.170407024082275,"99percentile":29.409999999999854,"min":-284,"max":266},"sentimentSlope":{"mean":0.09578075163146839,"median":0,"mode":0,"variance":52.3948601308488,"stdev":7.238429396688815,"99percentile":22.409999999999854,"min":-148,"max":148},"countRatio":{"mean":1.8052161002862712,"median":1,"mode":1,"variance":38.71763721483994,"stdev":6.222349814566836,"99percentile":15,"min":0.003787878787878788,"max":285}}
