{"difference":{"mean":0.28791026173660156,"median":0,"mode":0,"variance":118.62324256555648,"stdev":10.891429776000784,"1percentile":-21,"min":-188,"max":498},"countSlope":{"mean":-0.004743644139733963,"median":0,"mode":0,"variance":244.61396910933868,"stdev":15.640139676784818,"99percentile":30.68000000000029,"min":-370,"max":359},"sentimentSlope":{"mean":-0.015006868586276693,"median":0,"mode":0,"variance":77.65457192508397,"stdev":8.812183153174018,"99percentile":20,"min":-188,"max":144}}
