{"difference":{"mean":0.03522830359842758,"median":0,"mode":0,"variance":33.75851100775012,"stdev":5.810207484053398,"1percentile":-17},"endCount":{"mean":2.6843060175385545,"median":1,"mode":1,"variance":41.947812362358775,"stdev":6.476713083220437,"99percentile":25}}
